用户码,步骤3
253019,幸运轮盘
310478,幸运轮盘
304081,幸运轮盘
266323,幸运轮盘
331768,幸运轮盘
380772,幸运轮盘
320723,幸运轮盘
403411,幸运轮盘
370582,幸运轮盘
459283,幸运轮盘
214087,幸运轮盘
293832,幸运轮盘
303189,幸运轮盘
364116,幸运轮盘
255228,幸运轮盘
445105,幸运轮盘
441896,幸运轮盘
411407,幸运轮盘
360291,幸运轮盘
446417,幸运轮盘
389944,幸运轮盘
431821,幸运轮盘
357648,幸运轮盘
435080,幸运轮盘
495047,幸运轮盘
338979,幸运轮盘
250932,幸运轮盘
406139,幸运轮盘
401537,幸运轮盘
476910,幸运轮盘
210028,幸运轮盘
214875,幸运轮盘
409019,幸运轮盘
473271,幸运轮盘
434586,幸运轮盘
320082,幸运轮盘
345914,幸运轮盘
383704,幸运轮盘
315803,幸运轮盘
363839,幸运轮盘
301661,幸运轮盘
439638,幸运轮盘
227268,幸运轮盘
245502,幸运轮盘
496496,幸运轮盘
214674,幸运轮盘
288841,幸运轮盘
382467,幸运轮盘
485456,幸运轮盘
248448,幸运轮盘
232693,幸运轮盘
365684,幸运轮盘
375258,幸运轮盘
330654,幸运轮盘
309874,幸运轮盘
475651,幸运轮盘
328407,幸运轮盘
200303,幸运轮盘
281391,幸运轮盘
274773,幸运轮盘
469342,幸运轮盘
489088,幸运轮盘
222999,幸运轮盘
366251,幸运轮盘
252692,幸运轮盘
438761,幸运轮盘
429826,幸运轮盘
440109,幸运轮盘
298402,幸运轮盘
425080,幸运轮盘
222746,幸运轮盘
333298,幸运轮盘
359542,幸运轮盘
366573,幸运轮盘
320308,幸运轮盘
402540,幸运轮盘
200682,幸运轮盘
367268,幸运轮盘
281632,幸运轮盘
395500,幸运轮盘
376523,幸运轮盘
318371,幸运轮盘
291196,幸运轮盘
221941,幸运轮盘
463862,幸运轮盘
418535,幸运轮盘
222441,幸运轮盘
487083,幸运轮盘
254968,幸运轮盘
264860,幸运轮盘
230152,幸运轮盘
308883,幸运轮盘
236071,幸运轮盘
442861,幸运轮盘
369111,幸运轮盘
483760,幸运轮盘
275402,幸运轮盘
307455,幸运轮盘
473150,幸运轮盘
215007,幸运轮盘
344066,幸运轮盘
283079,幸运轮盘
484375,幸运轮盘
401657,幸运轮盘
262133,幸运轮盘
446887,幸运轮盘
310077,幸运轮盘
252534,幸运轮盘
316590,幸运轮盘
223493,幸运轮盘
308480,幸运轮盘
402505,幸运轮盘
343014,幸运轮盘
226370,幸运轮盘
292696,幸运轮盘
416218,幸运轮盘
393528,幸运轮盘
497358,幸运轮盘
440446,幸运轮盘
375357,幸运轮盘
420604,幸运轮盘
479491,幸运轮盘
317174,幸运轮盘
381850,幸运轮盘
276140,幸运轮盘
444969,幸运轮盘
230341,幸运轮盘
481002,幸运轮盘
370354,幸运轮盘
480498,幸运轮盘
318814,幸运轮盘
435445,幸运轮盘
223089,幸运轮盘
317697,幸运轮盘
202460,幸运轮盘
259289,幸运轮盘
481215,幸运轮盘
279972,幸运轮盘
428973,幸运轮盘
386740,幸运轮盘
378691,幸运轮盘
481221,幸运轮盘
388198,幸运轮盘
320170,幸运轮盘
478525,幸运轮盘
285405,幸运轮盘
428095,幸运轮盘
466106,幸运轮盘
298235,幸运轮盘
256060,幸运轮盘
291323,幸运轮盘
459925,幸运轮盘
480570,幸运轮盘
461022,幸运轮盘
213789,幸运轮盘
466145,幸运轮盘
255474,幸运轮盘
321084,幸运轮盘
310361,幸运轮盘
334010,幸运轮盘
288695,幸运轮盘
443539,幸运轮盘
235592,幸运轮盘
270046,幸运轮盘
257075,幸运轮盘
307943,幸运轮盘
242620,幸运轮盘
270606,幸运轮盘
263336,幸运轮盘
396592,幸运轮盘
317936,幸运轮盘
409975,幸运轮盘
362908,幸运轮盘
351604,幸运轮盘
470181,幸运轮盘
237139,幸运轮盘
286007,幸运轮盘
454034,幸运轮盘
261244,幸运轮盘
290207,幸运轮盘
452331,幸运轮盘
466335,幸运轮盘
406350,幸运轮盘
404423,幸运轮盘
222747,幸运轮盘
265543,幸运轮盘
413891,幸运轮盘
351825,幸运轮盘
414775,幸运轮盘
233859,幸运轮盘
409231,幸运轮盘
204007,幸运轮盘
242941,幸运轮盘
340946,幸运轮盘
453002,幸运轮盘
282167,幸运轮盘
292108,幸运轮盘
244469,幸运轮盘
333318,幸运轮盘
408131,幸运轮盘
430186,幸运轮盘
266784,幸运轮盘
471698,幸运轮盘
286003,幸运轮盘
210444,幸运轮盘
272782,幸运轮盘
362798,幸运轮盘
330970,幸运轮盘
415873,幸运轮盘
202320,幸运轮盘
482171,幸运轮盘
465498,幸运轮盘
273900,幸运轮盘
479724,幸运轮盘
370417,幸运轮盘
261068,幸运轮盘
247178,幸运轮盘
201722,幸运轮盘
481502,幸运轮盘
402564,幸运轮盘
444124,幸运轮盘
385196,幸运轮盘
400089,幸运轮盘
458575,幸运轮盘
431116,幸运轮盘
452833,幸运轮盘
401630,幸运轮盘
341042,幸运轮盘
250073,幸运轮盘
311815,幸运轮盘
473259,幸运轮盘
303411,幸运轮盘
439761,幸运轮盘
283690,幸运轮盘
366494,幸运轮盘
491966,幸运轮盘
499407,幸运轮盘
299927,幸运轮盘
206354,幸运轮盘
216091,幸运轮盘
303085,幸运轮盘
338566,幸运轮盘
347085,幸运轮盘
316337,幸运轮盘
380284,幸运轮盘
211855,幸运轮盘
375144,幸运轮盘
413006,幸运轮盘
361787,幸运轮盘
267681,幸运轮盘
318124,幸运轮盘
301558,幸运轮盘
206225,幸运轮盘
240306,幸运轮盘
415731,幸运轮盘
201083,幸运轮盘
311758,幸运轮盘
497880,幸运轮盘
424940,幸运轮盘
436736,幸运轮盘
218115,幸运轮盘
371639,幸运轮盘
495990,幸运轮盘
217410,幸运轮盘
270135,幸运轮盘
497592,幸运轮盘
207005,幸运轮盘
365297,幸运轮盘
273345,幸运轮盘
470963,幸运轮盘
294613,幸运轮盘
239618,幸运轮盘
224143,幸运轮盘
339243,幸运轮盘
248756,幸运轮盘
428038,幸运轮盘
481014,幸运轮盘
495004,幸运轮盘
237470,幸运轮盘
433851,幸运轮盘
324495,幸运轮盘
235975,幸运轮盘
344661,幸运轮盘
362856,幸运轮盘
496525,幸运轮盘
288060,幸运轮盘
229735,幸运轮盘
263888,幸运轮盘
439341,幸运轮盘
252548,幸运轮盘
241292,幸运轮盘
467619,幸运轮盘
220097,幸运轮盘
419231,幸运轮盘
438964,幸运轮盘
344364,幸运轮盘
329862,幸运轮盘
211458,幸运轮盘
482972,幸运轮盘
279644,幸运轮盘
405856,幸运轮盘
361845,幸运轮盘
329281,幸运轮盘
290247,幸运轮盘
381606,幸运轮盘
336380,幸运轮盘
263166,幸运轮盘
407068,幸运轮盘
336889,幸运轮盘
458349,幸运轮盘
497969,幸运轮盘
436473,幸运轮盘
276866,幸运轮盘
297261,幸运轮盘
239270,幸运轮盘
215298,幸运轮盘
226309,幸运轮盘
330882,幸运轮盘
327102,幸运轮盘
275053,幸运轮盘
449412,幸运轮盘
360672,幸运轮盘
381805,幸运轮盘
435168,幸运轮盘
299551,幸运轮盘
454341,幸运轮盘
404422,幸运轮盘
389895,幸运轮盘
469229,幸运轮盘
394119,幸运轮盘
330284,幸运轮盘
244315,幸运轮盘
235301,幸运轮盘
402750,幸运轮盘
408597,幸运轮盘
461332,幸运轮盘
378156,幸运轮盘
480253,幸运轮盘
337355,幸运轮盘
416573,幸运轮盘
212159,幸运轮盘
343939,幸运轮盘
420754,幸运轮盘
241029,幸运轮盘
288354,幸运轮盘
298877,幸运轮盘
257775,幸运轮盘
433842,幸运轮盘
495056,幸运轮盘
419234,幸运轮盘
213154,幸运轮盘
371194,幸运轮盘
275831,幸运轮盘
339172,幸运轮盘
371719,幸运轮盘
280705,幸运轮盘
280193,幸运轮盘
490283,幸运轮盘
497899,幸运轮盘
252088,幸运轮盘
373656,幸运轮盘
279514,幸运轮盘
272097,幸运轮盘
234322,幸运轮盘
245272,幸运轮盘
392552,幸运轮盘
292559,幸运轮盘
450516,幸运轮盘
226502,幸运轮盘
389018,幸运轮盘
411202,幸运轮盘
360975,幸运轮盘
440750,幸运轮盘
443377,幸运轮盘
342801,幸运轮盘
448011,幸运轮盘
455623,幸运轮盘
483261,幸运轮盘
263482,幸运轮盘
351640,幸运轮盘
329410,幸运轮盘
391468,幸运轮盘
246011,幸运轮盘
402271,幸运轮盘
258146,幸运轮盘
486169,幸运轮盘
290602,幸运轮盘
284074,幸运轮盘
466743,幸运轮盘
336394,幸运轮盘
478990,幸运轮盘
312399,幸运轮盘
363044,幸运轮盘
241329,幸运轮盘
492498,幸运轮盘
290298,幸运轮盘
435207,幸运轮盘
254741,幸运轮盘
249773,幸运轮盘
264974,幸运轮盘
225638,幸运轮盘
379146,幸运轮盘
460989,幸运轮盘
474709,幸运轮盘
250283,幸运轮盘
244166,幸运轮盘
369724,幸运轮盘
302165,幸运轮盘
427689,幸运轮盘
418307,幸运轮盘
233763,幸运轮盘
272619,幸运轮盘
485919,幸运轮盘
204498,幸运轮盘
377921,幸运轮盘
434627,幸运轮盘
314942,幸运轮盘
469947,幸运轮盘
464337,幸运轮盘
468952,幸运轮盘
274919,幸运轮盘
292957,幸运轮盘
312537,幸运轮盘
201411,幸运轮盘
423604,幸运轮盘
226764,幸运轮盘
281731,幸运轮盘
479564,幸运轮盘
388498,幸运轮盘
324131,幸运轮盘
404200,幸运轮盘
462103,幸运轮盘
492867,幸运轮盘
236857,幸运轮盘
264160,幸运轮盘
403470,幸运轮盘
418508,幸运轮盘
348088,幸运轮盘
295654,幸运轮盘
308332,幸运轮盘
256317,幸运轮盘
411723,幸运轮盘
366103,幸运轮盘
381773,幸运轮盘
259215,幸运轮盘
483351,幸运轮盘
216558,幸运轮盘
334469,幸运轮盘
451287,幸运轮盘
407846,幸运轮盘
400720,幸运轮盘
401087,幸运轮盘
243843,幸运轮盘
277592,幸运轮盘
326677,幸运轮盘
241709,幸运轮盘
433854,幸运轮盘
216635,幸运轮盘
290514,幸运轮盘
428917,幸运轮盘
211459,幸运轮盘
263228,幸运轮盘
331308,幸运轮盘
380011,幸运轮盘
379724,幸运轮盘
247128,幸运轮盘
369190,幸运轮盘
494534,幸运轮盘
260404,幸运轮盘
315184,幸运轮盘
294009,幸运轮盘
312727,幸运轮盘
421036,幸运轮盘
321769,幸运轮盘
448786,幸运轮盘
245266,幸运轮盘
251312,幸运轮盘
200802,幸运轮盘
400664,幸运轮盘
337900,幸运轮盘
432747,幸运轮盘
365738,幸运轮盘
236739,幸运轮盘
242198,幸运轮盘
215189,幸运轮盘
243783,幸运轮盘
397462,幸运轮盘
368733,幸运轮盘
479029,幸运轮盘
264911,幸运轮盘
467234,幸运轮盘
490488,幸运轮盘
314021,幸运轮盘
397193,幸运轮盘
304156,幸运轮盘
409758,幸运轮盘
398326,幸运轮盘
247913,幸运轮盘
289638,幸运轮盘
264968,幸运轮盘
232602,幸运轮盘
283098,幸运轮盘
439121,幸运轮盘
213096,幸运轮盘
371026,幸运轮盘
437784,幸运轮盘
291186,幸运轮盘
399345,幸运轮盘
496218,幸运轮盘
293319,幸运轮盘
222485,幸运轮盘
344587,幸运轮盘
200749,幸运轮盘
324903,幸运轮盘
494168,幸运轮盘
440800,幸运轮盘
203696,幸运轮盘
412112,幸运轮盘
305360,幸运轮盘
217122,幸运轮盘
313126,幸运轮盘
436649,幸运轮盘
328212,幸运轮盘
366974,幸运轮盘
213056,幸运轮盘
276233,幸运轮盘
374681,幸运轮盘
316645,幸运轮盘
296976,幸运轮盘
341158,幸运轮盘
362464,幸运轮盘
351112,幸运轮盘
450646,幸运轮盘
437529,幸运轮盘
467597,幸运轮盘
474170,幸运轮盘
265310,幸运轮盘
294686,幸运轮盘
339746,幸运轮盘
272571,幸运轮盘
230055,幸运轮盘
220068,幸运轮盘
277999,幸运轮盘
248801,幸运轮盘
290696,幸运轮盘
452294,幸运轮盘
450478,幸运轮盘
489757,幸运轮盘
284968,幸运轮盘
216284,幸运轮盘
224580,幸运轮盘
203704,幸运轮盘
262484,幸运轮盘
239265,幸运轮盘
333347,幸运轮盘
242366,幸运轮盘
308825,幸运轮盘
227898,幸运轮盘
255726,幸运轮盘
281024,幸运轮盘
411181,幸运轮盘
233434,幸运轮盘
349261,幸运轮盘
376069,幸运轮盘
426710,幸运轮盘
448338,幸运轮盘
499097,幸运轮盘
447576,幸运轮盘
234188,幸运轮盘
360071,幸运轮盘
415535,幸运轮盘
310096,幸运轮盘
264500,幸运轮盘
496991,幸运轮盘
403581,幸运轮盘
390186,幸运轮盘
246106,幸运轮盘
371291,幸运轮盘
211367,幸运轮盘
291367,幸运轮盘
247158,幸运轮盘
466070,幸运轮盘
248554,幸运轮盘
225193,幸运轮盘
476075,幸运轮盘
432084,幸运轮盘
349939,幸运轮盘
402006,幸运轮盘
259818,幸运轮盘
390666,幸运轮盘
318904,幸运轮盘
276854,幸运轮盘
383249,幸运轮盘
381096,幸运轮盘
424827,幸运轮盘
313205,幸运轮盘
236427,幸运轮盘
345199,幸运轮盘
469575,幸运轮盘
335381,幸运轮盘
465302,幸运轮盘
306292,幸运轮盘
451931,幸运轮盘
404567,幸运轮盘
463101,幸运轮盘
257093,幸运轮盘
480174,幸运轮盘
314547,幸运轮盘
479315,幸运轮盘
209640,幸运轮盘
314227,幸运轮盘
429305,幸运轮盘
481944,幸运轮盘
356805,幸运轮盘
269761,幸运轮盘
250778,幸运轮盘
269752,幸运轮盘
407564,幸运轮盘
373993,幸运轮盘
400941,幸运轮盘
362044,幸运轮盘
254537,幸运轮盘
283076,幸运轮盘
316881,幸运轮盘
312862,幸运轮盘
275308,幸运轮盘
230128,幸运轮盘
202139,幸运轮盘
482131,幸运轮盘
205268,幸运轮盘
350299,幸运轮盘
474251,幸运轮盘
442338,幸运轮盘
403943,幸运轮盘
227416,幸运轮盘
433508,幸运轮盘
220543,幸运轮盘
316806,幸运轮盘
495419,幸运轮盘
406032,幸运轮盘
388893,幸运轮盘
324117,幸运轮盘
397156,幸运轮盘
296646,幸运轮盘
239853,幸运轮盘
204819,幸运轮盘
471495,幸运轮盘
487068,幸运轮盘
263707,幸运轮盘
223223,幸运轮盘
243456,幸运轮盘
282877,幸运轮盘
267202,幸运轮盘
225271,幸运轮盘
274347,幸运轮盘
466425,幸运轮盘
242313,幸运轮盘
311002,幸运轮盘
263147,幸运轮盘
242830,幸运轮盘
279751,幸运轮盘
395537,幸运轮盘
297254,幸运轮盘
494659,幸运轮盘
204679,幸运轮盘
227073,幸运轮盘
345724,幸运轮盘
460102,幸运轮盘
430295,幸运轮盘
475075,幸运轮盘
384972,幸运轮盘
443657,幸运轮盘
442646,幸运轮盘
460463,幸运轮盘
373207,幸运轮盘
251951,幸运轮盘
355498,幸运轮盘
353690,幸运轮盘
273197,幸运轮盘
388159,幸运轮盘
206099,幸运轮盘
301216,幸运轮盘
303801,幸运轮盘
305474,幸运轮盘
495107,幸运轮盘
454767,幸运轮盘
250807,幸运轮盘
369854,幸运轮盘
283324,幸运轮盘
340829,幸运轮盘
295793,幸运轮盘
263791,幸运轮盘
302844,幸运轮盘
411373,幸运轮盘
377893,幸运轮盘
408515,幸运轮盘
336739,幸运轮盘
419293,幸运轮盘
444328,幸运轮盘
336039,幸运轮盘
225490,幸运轮盘
449629,幸运轮盘
433684,幸运轮盘
403406,幸运轮盘
453120,幸运轮盘
435327,幸运轮盘
308881,幸运轮盘
298103,幸运轮盘
287132,幸运轮盘
359036,幸运轮盘
210010,幸运轮盘
379700,幸运轮盘
389490,幸运轮盘
240822,幸运轮盘
218126,幸运轮盘
219367,幸运轮盘
256757,幸运轮盘
329114,幸运轮盘
324857,幸运轮盘
271016,幸运轮盘
404230,幸运轮盘
424451,幸运轮盘
355223,幸运轮盘
318363,幸运轮盘
246920,幸运轮盘
487030,幸运轮盘
206008,幸运轮盘
251458,幸运轮盘
418211,幸运轮盘
489485,幸运轮盘
482864,幸运轮盘
438598,幸运轮盘
386330,幸运轮盘
310548,幸运轮盘
345411,幸运轮盘
274124,幸运轮盘
427722,幸运轮盘
213687,幸运轮盘
223221,幸运轮盘
415083,幸运轮盘
219953,幸运轮盘
301956,幸运轮盘
478352,幸运轮盘
457786,幸运轮盘
447221,幸运轮盘
471759,幸运轮盘
398264,幸运轮盘
482179,幸运轮盘
298404,幸运轮盘
303193,幸运轮盘
383272,幸运轮盘
338281,幸运轮盘
220268,幸运轮盘
253709,幸运轮盘
360340,幸运轮盘
307658,幸运轮盘
395796,幸运轮盘
388834,幸运轮盘
319782,幸运轮盘
288331,幸运轮盘
296687,幸运轮盘
487073,幸运轮盘
377410,幸运轮盘
217500,幸运轮盘
242471,幸运轮盘
385511,幸运轮盘
207120,幸运轮盘
345140,幸运轮盘
486829,幸运轮盘
309689,幸运轮盘
410077,幸运轮盘
299548,幸运轮盘
337685,幸运轮盘
417913,幸运轮盘
379117,幸运轮盘
223167,幸运轮盘
336852,幸运轮盘
220668,幸运轮盘
306209,幸运轮盘
466524,幸运轮盘
386772,幸运轮盘
446347,幸运轮盘
334978,幸运轮盘
353828,幸运轮盘
366259,幸运轮盘
221822,幸运轮盘
479037,幸运轮盘
294238,幸运轮盘
331953,幸运轮盘
264939,幸运轮盘
386858,幸运轮盘
351689,幸运轮盘
347545,幸运轮盘
475303,幸运轮盘
333548,幸运轮盘
331300,幸运轮盘
260742,幸运轮盘
463109,幸运轮盘
327626,幸运轮盘
434793,幸运轮盘
433647,幸运轮盘
215947,幸运轮盘
390582,幸运轮盘
377557,幸运轮盘
416405,幸运轮盘
320277,幸运轮盘
412025,幸运轮盘
268792,幸运轮盘
377770,幸运轮盘
275902,幸运轮盘
296172,幸运轮盘
491776,幸运轮盘
303187,幸运轮盘
205999,幸运轮盘
400836,幸运轮盘
494094,幸运轮盘
457566,幸运轮盘
242209,幸运轮盘
380093,幸运轮盘
442854,幸运轮盘
306354,幸运轮盘
249858,幸运轮盘
414784,幸运轮盘
499021,幸运轮盘
255699,幸运轮盘
489561,幸运轮盘
487218,幸运轮盘
367503,幸运轮盘
415219,幸运轮盘
304401,幸运轮盘
326549,幸运轮盘
483592,幸运轮盘
342054,幸运轮盘
314194,幸运轮盘
318400,幸运轮盘
396525,幸运轮盘
371320,幸运轮盘
202335,幸运轮盘
466037,幸运轮盘
295120,幸运轮盘
207917,幸运轮盘
348643,幸运轮盘
443281,幸运轮盘
445006,幸运轮盘
428484,幸运轮盘
378884,幸运轮盘
276194,幸运轮盘
488081,幸运轮盘
319176,幸运轮盘
219817,幸运轮盘
204799,幸运轮盘
204880,幸运轮盘
267656,幸运轮盘
419859,幸运轮盘
234276,幸运轮盘
261752,幸运轮盘
242318,幸运轮盘
441411,幸运轮盘
392210,幸运轮盘
314540,幸运轮盘
468428,幸运轮盘
315680,幸运轮盘
377541,幸运轮盘
340538,幸运轮盘
440592,幸运轮盘
476768,幸运轮盘
393076,幸运轮盘
232217,幸运轮盘
391189,幸运轮盘
236998,幸运轮盘
317172,幸运轮盘
340036,幸运轮盘
208682,幸运轮盘
251015,幸运轮盘
392513,幸运轮盘
336874,幸运轮盘
421699,幸运轮盘
450425,幸运轮盘
249391,幸运轮盘
299547,幸运轮盘
286997,幸运轮盘
434620,幸运轮盘
233139,幸运轮盘
499856,幸运轮盘
215465,幸运轮盘
462367,幸运轮盘
407249,幸运轮盘
398483,幸运轮盘
317940,幸运轮盘
341636,幸运轮盘
477084,幸运轮盘
341964,幸运轮盘
255068,幸运轮盘
495887,幸运轮盘
235280,幸运轮盘
393715,幸运轮盘
250998,幸运轮盘
344051,幸运轮盘
484234,幸运轮盘
393984,幸运轮盘
247756,幸运轮盘
363405,幸运轮盘
347609,幸运轮盘
338722,幸运轮盘
251587,幸运轮盘
467384,幸运轮盘
404074,幸运轮盘
456539,幸运轮盘
275777,幸运轮盘
470763,幸运轮盘
419600,幸运轮盘
454481,幸运轮盘
395394,幸运轮盘
367180,幸运轮盘
331545,幸运轮盘
437647,幸运轮盘
383397,幸运轮盘
210088,幸运轮盘
443902,幸运轮盘
388612,幸运轮盘
352469,幸运轮盘
467339,幸运轮盘
314725,幸运轮盘
417408,幸运轮盘
409009,幸运轮盘
320470,幸运轮盘
335923,幸运轮盘
323048,幸运轮盘
354631,幸运轮盘
393214,幸运轮盘
329362,幸运轮盘
201183,幸运轮盘
391270,幸运轮盘
365660,幸运轮盘
317792,幸运轮盘
382362,幸运轮盘
277227,幸运轮盘
345100,幸运轮盘
239492,幸运轮盘
248849,幸运轮盘
311969,幸运轮盘
292590,幸运轮盘
284618,幸运轮盘
259507,幸运轮盘
425452,幸运轮盘
301542,幸运轮盘
489216,幸运轮盘
207443,幸运轮盘
250760,幸运轮盘
435383,幸运轮盘
222650,幸运轮盘
353600,幸运轮盘
261158,幸运轮盘
369292,幸运轮盘
298515,幸运轮盘
275406,幸运轮盘
320262,幸运轮盘
220597,幸运轮盘
238364,幸运轮盘
455754,幸运轮盘
486539,幸运轮盘
274999,幸运轮盘
224961,幸运轮盘
455796,幸运轮盘
414510,幸运轮盘
443035,幸运轮盘
498403,幸运轮盘
328046,幸运轮盘
424026,幸运轮盘
483783,幸运轮盘
260140,幸运轮盘
401924,幸运轮盘
218178,幸运轮盘
259750,幸运轮盘
200048,幸运轮盘
435639,幸运轮盘
487247,幸运轮盘
471870,幸运轮盘
461192,幸运轮盘
207637,幸运轮盘
238848,幸运轮盘
406382,幸运轮盘
460508,幸运轮盘
317330,幸运轮盘
361386,幸运轮盘
251351,幸运轮盘
482866,幸运轮盘
249312,幸运轮盘
404655,幸运轮盘
360484,幸运轮盘
312437,幸运轮盘
416778,幸运轮盘
354866,幸运轮盘
454240,幸运轮盘
469648,幸运轮盘
404903,幸运轮盘
352636,幸运轮盘
290807,幸运轮盘
435979,幸运轮盘
308452,幸运轮盘
485453,幸运轮盘
304070,幸运轮盘
465687,幸运轮盘
496555,幸运轮盘
469760,幸运轮盘
237206,幸运轮盘
295036,幸运轮盘
298664,幸运轮盘
463929,幸运轮盘
418498,幸运轮盘
319780,幸运轮盘
429832,幸运轮盘
462226,幸运轮盘
448546,幸运轮盘
474385,幸运轮盘
498864,幸运轮盘
468277,幸运轮盘
309350,幸运轮盘
252024,幸运轮盘
379877,幸运轮盘
276951,幸运轮盘
431798,幸运轮盘
423926,幸运轮盘
451830,幸运轮盘
257574,幸运轮盘
308860,幸运轮盘
326010,幸运轮盘
425655,幸运轮盘
281354,幸运轮盘
334507,幸运轮盘
383978,幸运轮盘
494746,幸运轮盘
360078,幸运轮盘
261717,幸运轮盘
376118,幸运轮盘
296887,幸运轮盘
378457,幸运轮盘
234981,幸运轮盘
210450,幸运轮盘
467098,幸运轮盘
411163,幸运轮盘
336270,幸运轮盘
422363,幸运轮盘
421484,幸运轮盘
329981,幸运轮盘
458343,幸运轮盘
306458,幸运轮盘
216580,幸运轮盘
469430,幸运轮盘
228911,幸运轮盘
307632,幸运轮盘
254669,幸运轮盘
389810,幸运轮盘
233871,幸运轮盘
364112,幸运轮盘
326298,幸运轮盘
435925,幸运轮盘
202397,幸运轮盘
234804,幸运轮盘
360870,幸运轮盘
228354,幸运轮盘
390533,幸运轮盘
441710,幸运轮盘
399434,幸运轮盘
340191,幸运轮盘
464788,幸运轮盘
393798,幸运轮盘
359910,幸运轮盘
425990,幸运轮盘
280460,幸运轮盘
350247,幸运轮盘
231048,幸运轮盘
468169,幸运轮盘
226688,幸运轮盘
445868,幸运轮盘
486875,幸运轮盘
374218,幸运轮盘
214176,幸运轮盘
483384,幸运轮盘
396337,幸运轮盘
336903,幸运轮盘
240317,幸运轮盘
252787,幸运轮盘
310246,幸运轮盘
229753,幸运轮盘
428130,幸运轮盘
288092,幸运轮盘
284467,幸运轮盘
204770,幸运轮盘
342068,幸运轮盘
459075,幸运轮盘
414909,幸运轮盘
489647,幸运轮盘
342895,幸运轮盘
360196,幸运轮盘
264434,幸运轮盘
446198,幸运轮盘
240408,幸运轮盘
297096,幸运轮盘
451645,幸运轮盘
365697,幸运轮盘
237047,幸运轮盘
328836,幸运轮盘
340949,幸运轮盘
422928,幸运轮盘
403939,幸运轮盘
269550,幸运轮盘
299790,幸运轮盘
484197,幸运轮盘
468765,幸运轮盘
383561,幸运轮盘
350472,幸运轮盘
446717,幸运轮盘
325136,幸运轮盘
481228,幸运轮盘
235229,幸运轮盘
344630,幸运轮盘
370729,幸运轮盘
247696,幸运轮盘
219284,幸运轮盘
266362,幸运轮盘
387670,幸运轮盘
255702,幸运轮盘
460510,幸运轮盘
273361,幸运轮盘
376020,幸运轮盘
323314,幸运轮盘
370434,幸运轮盘
365874,幸运轮盘
379679,幸运轮盘
243960,幸运轮盘
472034,幸运轮盘
357927,幸运轮盘
409843,幸运轮盘
496476,幸运轮盘
353905,幸运轮盘
306656,幸运轮盘
468412,幸运轮盘
239238,幸运轮盘
284695,幸运轮盘
347764,幸运轮盘
324380,幸运轮盘
445118,幸运轮盘
338830,幸运轮盘
478255,幸运轮盘
262343,幸运轮盘
445791,幸运轮盘
207354,幸运轮盘
202299,幸运轮盘
200120,幸运轮盘
330226,幸运轮盘
304246,幸运轮盘
483683,幸运轮盘
312680,幸运轮盘
218650,幸运轮盘
449840,幸运轮盘
371208,幸运轮盘
287333,幸运轮盘
486023,幸运轮盘
297948,幸运轮盘
495595,幸运轮盘
299963,幸运轮盘
326564,幸运轮盘
216276,幸运轮盘
426851,幸运轮盘
265658,幸运轮盘
373518,幸运轮盘
358226,幸运轮盘
239881,幸运轮盘
379581,幸运轮盘
340167,幸运轮盘
221830,幸运轮盘
359850,幸运轮盘
428806,幸运轮盘
383880,幸运轮盘
345715,幸运轮盘
365674,幸运轮盘
211983,幸运轮盘
257397,幸运轮盘
467375,幸运轮盘
459344,幸运轮盘
257083,幸运轮盘
361389,幸运轮盘
421332,幸运轮盘
307981,幸运轮盘
292488,幸运轮盘
392784,幸运轮盘
224373,幸运轮盘
385027,幸运轮盘
319180,幸运轮盘
270228,幸运轮盘
296747,幸运轮盘
457777,幸运轮盘
273964,幸运轮盘
429437,幸运轮盘
393584,幸运轮盘
231324,幸运轮盘
303736,幸运轮盘
335981,幸运轮盘
411985,幸运轮盘
460576,幸运轮盘
251886,幸运轮盘
272335,幸运轮盘
351478,幸运轮盘
437536,幸运轮盘
335726,幸运轮盘
499017,幸运轮盘
413289,幸运轮盘
489330,幸运轮盘
368853,幸运轮盘
428612,幸运轮盘
400983,幸运轮盘
475961,幸运轮盘
387089,幸运轮盘
406593,幸运轮盘
427610,幸运轮盘
402223,幸运轮盘
256324,幸运轮盘
383694,幸运轮盘
226004,幸运轮盘
470251,幸运轮盘
215179,幸运轮盘
359888,幸运轮盘
461607,幸运轮盘
204077,幸运轮盘
248261,幸运轮盘
334163,幸运轮盘
263815,幸运轮盘
437594,幸运轮盘
312851,幸运轮盘
398256,幸运轮盘
323081,幸运轮盘
398234,幸运轮盘
477053,幸运轮盘
483821,幸运轮盘
410383,幸运轮盘
280164,幸运轮盘
366519,幸运轮盘
491466,幸运轮盘
354011,幸运轮盘
423049,幸运轮盘
464724,幸运轮盘
358541,幸运轮盘
406963,幸运轮盘
392354,幸运轮盘
207369,幸运轮盘
476856,幸运轮盘
246019,幸运轮盘
425366,幸运轮盘
248867,幸运轮盘
494074,幸运轮盘
291921,幸运轮盘
373557,幸运轮盘
267646,幸运轮盘
421517,幸运轮盘
347863,幸运轮盘
314500,幸运轮盘
489514,幸运轮盘
292430,幸运轮盘
459845,幸运轮盘
386571,幸运轮盘
430109,幸运轮盘
449025,幸运轮盘
366945,幸运轮盘
349457,幸运轮盘
292346,幸运轮盘
442562,幸运轮盘
470106,幸运轮盘
218095,幸运轮盘
440324,幸运轮盘
471694,幸运轮盘
340309,幸运轮盘
398728,幸运轮盘
415406,幸运轮盘
453076,幸运轮盘
241305,幸运轮盘
390829,幸运轮盘
433082,幸运轮盘
453671,幸运轮盘
298343,幸运轮盘
465504,幸运轮盘
367391,幸运轮盘
496133,幸运轮盘
205982,幸运轮盘
207476,幸运轮盘
444809,幸运轮盘
347299,幸运轮盘
381748,幸运轮盘
395894,幸运轮盘
415177,幸运轮盘
309199,幸运轮盘
325236,幸运轮盘
325381,幸运轮盘
296440,幸运轮盘
300590,幸运轮盘
381686,幸运轮盘
421015,幸运轮盘
450030,幸运轮盘
485672,幸运轮盘
473302,幸运轮盘
252222,幸运轮盘
345617,幸运轮盘
428699,幸运轮盘
205344,幸运轮盘
374206,幸运轮盘
231875,幸运轮盘
346306,幸运轮盘
346486,幸运轮盘
472373,幸运轮盘
281282,幸运轮盘
263174,幸运轮盘
468102,幸运轮盘
327838,幸运轮盘
494865,幸运轮盘
203802,幸运轮盘
245181,幸运轮盘
382931,幸运轮盘
236133,幸运轮盘
440573,幸运轮盘
220363,幸运轮盘
383266,幸运轮盘
323884,幸运轮盘
499391,幸运轮盘
368635,幸运轮盘
312741,幸运轮盘
415641,幸运轮盘
280479,幸运轮盘
302820,幸运轮盘
237151,幸运轮盘
284487,幸运轮盘
259726,幸运轮盘
371286,幸运轮盘
387033,幸运轮盘
277815,幸运轮盘
478185,幸运轮盘
257525,幸运轮盘
315070,幸运轮盘
203192,幸运轮盘
472634,幸运轮盘
353125,幸运轮盘
371877,幸运轮盘
308049,幸运轮盘
399589,幸运轮盘
467570,幸运轮盘
251028,幸运轮盘
320257,幸运轮盘
432418,幸运轮盘
327255,幸运轮盘
305732,幸运轮盘
200667,幸运轮盘
214507,幸运轮盘
422831,幸运轮盘
294352,幸运轮盘
384543,幸运轮盘
430167,幸运轮盘
496097,幸运轮盘
450959,幸运轮盘
207777,幸运轮盘
409022,幸运轮盘
317248,幸运轮盘
459799,幸运轮盘
461224,幸运轮盘
442185,幸运轮盘
212882,幸运轮盘
477898,幸运轮盘
245022,幸运轮盘
397157,幸运轮盘
260866,幸运轮盘
348154,幸运轮盘
445234,幸运轮盘
362674,幸运轮盘
394138,幸运轮盘
359224,幸运轮盘
293678,幸运轮盘
457843,幸运轮盘
264006,幸运轮盘
376376,幸运轮盘
406224,幸运轮盘
405027,幸运轮盘
427824,幸运轮盘
368378,幸运轮盘
393347,幸运轮盘
270547,幸运轮盘
319821,幸运轮盘
448663,幸运轮盘
429448,幸运轮盘
310435,幸运轮盘
401862,幸运轮盘
417082,幸运轮盘
304875,幸运轮盘
258230,幸运轮盘
295423,幸运轮盘
399768,幸运轮盘
247471,幸运轮盘
444887,幸运轮盘
417424,幸运轮盘
345260,幸运轮盘
291173,幸运轮盘
206829,幸运轮盘
340952,幸运轮盘
404982,幸运轮盘
399286,幸运轮盘
429035,幸运轮盘
292751,幸运轮盘
204573,幸运轮盘
286261,幸运轮盘
255161,幸运轮盘
256480,幸运轮盘
329701,幸运轮盘
495450,幸运轮盘
268466,幸运轮盘
268972,幸运轮盘
489023,幸运轮盘
328511,幸运轮盘
216267,幸运轮盘
272177,幸运轮盘
363498,幸运轮盘
238288,幸运轮盘
422876,幸运轮盘
460850,幸运轮盘
260180,幸运轮盘
356901,幸运轮盘
443256,幸运轮盘
204771,幸运轮盘
298195,幸运轮盘
217770,幸运轮盘
335895,幸运轮盘
254413,幸运轮盘
451863,幸运轮盘
211773,幸运轮盘
230710,幸运轮盘
222145,幸运轮盘
259736,幸运轮盘
319707,幸运轮盘
295118,幸运轮盘
493077,幸运轮盘
223666,幸运轮盘
450231,幸运轮盘
433920,幸运轮盘
329716,幸运轮盘
367847,幸运轮盘
475456,幸运轮盘
362275,幸运轮盘
486505,幸运轮盘
357956,幸运轮盘
267300,幸运轮盘
316465,幸运轮盘
273756,幸运轮盘
495159,幸运轮盘
209030,幸运轮盘
367537,幸运轮盘
396546,幸运轮盘
223159,幸运轮盘
242048,幸运轮盘
283237,幸运轮盘
336337,幸运轮盘
452610,幸运轮盘
323483,幸运轮盘
287768,幸运轮盘
308820,幸运轮盘
497126,幸运轮盘
448414,幸运轮盘
259918,幸运轮盘
215889,幸运轮盘
399878,幸运轮盘
396286,幸运轮盘
477067,幸运轮盘
483338,幸运轮盘
412730,幸运轮盘
443402,幸运轮盘
203713,幸运轮盘
290701,幸运轮盘
232257,幸运轮盘
369430,幸运轮盘
210311,幸运轮盘
226102,幸运轮盘
376737,幸运轮盘
365504,幸运轮盘
314737,幸运轮盘
472479,幸运轮盘
225160,幸运轮盘
389627,幸运轮盘
367086,幸运轮盘
430658,幸运轮盘
259941,幸运轮盘
499179,幸运轮盘
348832,幸运轮盘
395712,幸运轮盘
446742,幸运轮盘
412822,幸运轮盘
400188,幸运轮盘
212021,幸运轮盘
207393,幸运轮盘
427569,幸运轮盘
466191,幸运轮盘
280615,幸运轮盘
207772,幸运轮盘
282182,幸运轮盘
273651,幸运轮盘
292472,幸运轮盘
353806,幸运轮盘
368819,幸运轮盘
311479,幸运轮盘
424320,幸运轮盘
318261,幸运轮盘
421083,幸运轮盘
218255,幸运轮盘
499225,幸运轮盘
297443,幸运轮盘
385603,幸运轮盘
409001,幸运轮盘
259638,幸运轮盘
240109,幸运轮盘
457513,幸运轮盘
203242,幸运轮盘
254989,幸运轮盘
332949,幸运轮盘
334471,幸运轮盘
397883,幸运轮盘
407188,幸运轮盘
433194,幸运轮盘
246503,幸运轮盘
310501,幸运轮盘
266049,幸运轮盘
225829,幸运轮盘
483593,幸运轮盘
328155,幸运轮盘
269455,幸运轮盘
313354,幸运轮盘
262014,幸运轮盘
306722,幸运轮盘
457863,幸运轮盘
276166,幸运轮盘
376486,幸运轮盘
377957,幸运轮盘
229909,幸运轮盘
406406,幸运轮盘
342492,幸运轮盘
223134,幸运轮盘
310372,幸运轮盘
237916,幸运轮盘
484620,幸运轮盘
250489,幸运轮盘
260531,幸运轮盘
288423,幸运轮盘
349976,幸运轮盘
352418,幸运轮盘
418072,幸运轮盘
436358,幸运轮盘
323633,幸运轮盘
428381,幸运轮盘
330089,幸运轮盘
268582,幸运轮盘
241121,幸运轮盘
473700,幸运轮盘
470809,幸运轮盘
436153,幸运轮盘
492404,幸运轮盘
318114,幸运轮盘
301350,幸运轮盘
251619,幸运轮盘
255174,幸运轮盘
296244,幸运轮盘
344676,幸运轮盘
482815,幸运轮盘
317576,幸运轮盘
205024,幸运轮盘
227612,幸运轮盘
480632,幸运轮盘
370745,幸运轮盘
340286,幸运轮盘
475205,幸运轮盘
426634,幸运轮盘
431275,幸运轮盘
417629,幸运轮盘
411231,幸运轮盘
242849,幸运轮盘
321200,幸运轮盘
424467,幸运轮盘
232071,幸运轮盘
415871,幸运轮盘
227643,幸运轮盘
374057,幸运轮盘
224742,幸运轮盘
210993,幸运轮盘
392514,幸运轮盘
337053,幸运轮盘
298691,幸运轮盘
302714,幸运轮盘
263640,幸运轮盘
425112,幸运轮盘
355252,幸运轮盘
399376,幸运轮盘
433710,幸运轮盘
277395,幸运轮盘
494597,幸运轮盘
394691,幸运轮盘
352834,幸运轮盘
337704,幸运轮盘
252247,幸运轮盘
403164,幸运轮盘
486556,幸运轮盘
395497,幸运轮盘
491661,幸运轮盘
238927,幸运轮盘
481319,幸运轮盘
290083,幸运轮盘
349914,幸运轮盘
419360,幸运轮盘
368644,幸运轮盘
388931,幸运轮盘
344537,幸运轮盘
475781,幸运轮盘
361695,幸运轮盘
317661,幸运轮盘
245797,幸运轮盘
311606,幸运轮盘
381352,幸运轮盘
482473,幸运轮盘
264579,幸运轮盘
331329,幸运轮盘
263883,幸运轮盘
284424,幸运轮盘
462584,幸运轮盘
461268,幸运轮盘
279343,幸运轮盘
455751,幸运轮盘
301935,幸运轮盘
217509,幸运轮盘
316778,幸运轮盘
424362,幸运轮盘
456121,幸运轮盘
316969,幸运轮盘
321945,幸运轮盘
435404,幸运轮盘
400634,幸运轮盘
268187,幸运轮盘
271874,幸运轮盘
239204,幸运轮盘
318911,幸运轮盘
379427,幸运轮盘
373538,幸运轮盘
367520,幸运轮盘
397120,幸运轮盘
448276,幸运轮盘
305354,幸运轮盘
436081,幸运轮盘
409180,幸运轮盘
313984,幸运轮盘
449293,幸运轮盘
262446,幸运轮盘
496281,幸运轮盘
421939,幸运轮盘
330961,幸运轮盘
320575,幸运轮盘
316128,幸运轮盘
309009,幸运轮盘
444473,幸运轮盘
382160,幸运轮盘
340605,幸运轮盘
201374,幸运轮盘
382591,幸运轮盘
285994,幸运轮盘
414645,幸运轮盘
270854,幸运轮盘
499564,幸运轮盘
452038,幸运轮盘
311387,幸运轮盘
342803,幸运轮盘
392361,幸运轮盘
252053,幸运轮盘
436234,幸运轮盘
294363,幸运轮盘
294818,幸运轮盘
291934,幸运轮盘
408533,幸运轮盘
337273,幸运轮盘
359318,幸运轮盘
263365,幸运轮盘
345050,幸运轮盘
402418,幸运轮盘
240754,幸运轮盘
217916,幸运轮盘
303246,幸运轮盘
413697,幸运轮盘
429003,幸运轮盘
221871,幸运轮盘
259024,幸运轮盘
446301,幸运轮盘
208740,幸运轮盘
331618,幸运轮盘
345751,幸运轮盘
285684,幸运轮盘
497461,幸运轮盘
309561,幸运轮盘
208377,幸运轮盘
461561,幸运轮盘
411539,幸运轮盘
455051,幸运轮盘
225885,幸运轮盘
316326,幸运轮盘
434337,幸运轮盘
269188,幸运轮盘
318442,幸运轮盘
348966,幸运轮盘
243154,幸运轮盘
306369,幸运轮盘
489195,幸运轮盘
326470,幸运轮盘
239264,幸运轮盘
366008,幸运轮盘
328688,幸运轮盘
274638,幸运轮盘
469409,幸运轮盘
209286,幸运轮盘
299683,幸运轮盘
469640,幸运轮盘
447649,幸运轮盘
360710,幸运轮盘
315754,幸运轮盘
239040,幸运轮盘
236164,幸运轮盘
490738,幸运轮盘
391184,幸运轮盘
416558,幸运轮盘
448390,幸运轮盘
298897,幸运轮盘
461036,幸运轮盘
252093,幸运轮盘
470638,幸运轮盘
300501,幸运轮盘
437075,幸运轮盘
214443,幸运轮盘
488693,幸运轮盘
375830,幸运轮盘
276277,幸运轮盘
305050,幸运轮盘
436437,幸运轮盘
461169,幸运轮盘
496625,幸运轮盘
270252,幸运轮盘
413352,幸运轮盘
224190,幸运轮盘
268688,幸运轮盘
484030,幸运轮盘
217866,幸运轮盘
346102,幸运轮盘
480459,幸运轮盘
324314,幸运轮盘
244509,幸运轮盘
203866,幸运轮盘
284490,幸运轮盘
212288,幸运轮盘
337260,幸运轮盘
347651,幸运轮盘
386897,幸运轮盘
483494,幸运轮盘
216856,幸运轮盘
258378,幸运轮盘
348820,幸运轮盘
203262,幸运轮盘
370509,幸运轮盘
405931,幸运轮盘
426819,幸运轮盘
229357,幸运轮盘
435231,幸运轮盘
317818,幸运轮盘
407956,幸运轮盘
469879,幸运轮盘
220167,幸运轮盘
397473,幸运轮盘
332945,幸运轮盘
476440,幸运轮盘
488432,幸运轮盘
291299,幸运轮盘
369924,幸运轮盘
418298,幸运轮盘
296621,幸运轮盘
458265,幸运轮盘
294553,幸运轮盘
213040,幸运轮盘
450434,幸运轮盘
427348,幸运轮盘
341124,幸运轮盘
408934,幸运轮盘
250112,幸运轮盘
470846,幸运轮盘
486579,幸运轮盘
260473,幸运轮盘
499516,幸运轮盘
492356,幸运轮盘
294898,幸运轮盘
218248,幸运轮盘
276066,幸运轮盘
249133,幸运轮盘
458193,幸运轮盘
493752,幸运轮盘
380175,幸运轮盘
271082,幸运轮盘
293303,幸运轮盘
459045,幸运轮盘
272551,幸运轮盘
495034,幸运轮盘
409971,幸运轮盘
362174,幸运轮盘
386954,幸运轮盘
398330,幸运轮盘
306357,幸运轮盘
395812,幸运轮盘
377411,幸运轮盘
213133,幸运轮盘
208533,幸运轮盘
247688,幸运轮盘
241655,幸运轮盘
282628,幸运轮盘
394970,幸运轮盘
358507,幸运轮盘
459587,幸运轮盘
470952,幸运轮盘
266616,幸运轮盘
319053,幸运轮盘
476348,幸运轮盘
367150,幸运轮盘
287815,幸运轮盘
254126,幸运轮盘
408911,幸运轮盘
462170,幸运轮盘
352714,幸运轮盘
465657,幸运轮盘
434415,幸运轮盘
242378,幸运轮盘
206332,幸运轮盘
431599,幸运轮盘
287559,幸运轮盘
201020,幸运轮盘
408452,幸运轮盘
303959,幸运轮盘
424295,幸运轮盘
481678,幸运轮盘
243588,幸运轮盘
345248,幸运轮盘
285245,幸运轮盘
490819,幸运轮盘
395342,幸运轮盘
