用户码,步骤4
407188,付款页
365738,付款页
379877,付款页
205268,付款页
294363,付款页
392514,付款页
495450,付款页
462226,付款页
427569,付款页
435639,付款页
320723,付款页
370509,付款页
367520,付款页
201722,付款页
308049,付款页
333347,付款页
280705,付款页
341158,付款页
331300,付款页
486505,付款页
402418,付款页
459045,付款页
400941,付款页
401537,付款页
268582,付款页
299683,付款页
303801,付款页
443377,付款页
258146,付款页
318400,付款页
316881,付款页
380093,付款页
262446,付款页
487247,付款页
385027,付款页
255699,付款页
435925,付款页
338722,付款页
250112,付款页
281391,付款页
373207,付款页
473150,付款页
271016,付款页
298664,付款页
415219,付款页
441411,付款页
330089,付款页
493077,付款页
397462,付款页
263888,付款页
404903,付款页
331768,付款页
309350,付款页
345248,付款页
482864,付款页
317940,付款页
201374,付款页
403943,付款页
397157,付款页
404655,付款页
461169,付款页
445105,付款页
257083,付款页
287132,付款页
340286,付款页
407249,付款页
448390,付款页
396337,付款页
373557,付款页
247128,付款页
308881,付款页
316337,付款页
377893,付款页
353905,付款页
421083,付款页
464337,付款页
446198,付款页
348643,付款页
452833,付款页
491776,付款页
380175,付款页
226004,付款页
216558,付款页
362798,付款页
204498,付款页
254669,付款页
260404,付款页
248554,付款页
207777,付款页
274773,付款页
339746,付款页
395342,付款页
248448,付款页
255702,付款页
314021,付款页
302844,付款页
204007,付款页
255228,付款页
435207,付款页
208377,付款页
462584,付款页
499856,付款页
229753,付款页
283098,付款页
419600,付款页
274124,付款页
331618,付款页
392552,付款页
334507,付款页
295654,付款页
337704,付款页
276166,付款页
398264,付款页
200120,付款页
452610,付款页
498864,付款页
255474,付款页
366008,付款页
370354,付款页
371719,付款页
319180,付款页
342803,付款页
433684,付款页
222999,付款页
317174,付款页
271874,付款页
433920,付款页
360196,付款页
259289,付款页
452331,付款页
214674,付款页
423926,付款页
391189,付款页
312862,付款页
344537,付款页
434620,付款页
285405,付款页
365874,付款页
464724,付款页
446347,付款页
409001,付款页
400188,付款页
288423,付款页
467375,付款页
460508,付款页
211983,付款页
436153,付款页
340946,付款页
234188,付款页
397473,付款页
371291,付款页
263707,付款页
411181,付款页
493077,付款页
460576,付款页
213133,付款页
338566,付款页
482131,付款页
297096,付款页
428973,付款页
202299,付款页
334978,付款页
403939,付款页
314540,付款页
394691,付款页
390666,付款页
276277,付款页
324117,付款页
203192,付款页
323314,付款页
491661,付款页
421484,付款页
201083,付款页
351112,付款页
379724,付款页
231048,付款页
320262,付款页
466145,付款页
440592,付款页
418307,付款页
317936,付款页
346306,付款页
244166,付款页
485919,付款页
473700,付款页
220097,付款页
471759,付款页
496555,付款页
326564,付款页
281354,付款页
352834,付款页
393347,付款页
440800,付款页
418072,付款页
245272,付款页
306458,付款页
377410,付款页
304156,付款页
375144,付款页
214875,付款页
473259,付款页
473150,付款页
242620,付款页
255161,付款页
237470,付款页
479029,付款页
290298,付款页
282877,付款页
419360,付款页
406406,付款页
382931,付款页
296687,付款页
413352,付款页
220363,付款页
223493,付款页
470963,付款页
321945,付款页
424940,付款页
351825,付款页
400089,付款页
237047,付款页
291299,付款页
340167,付款页
326298,付款页
435080,付款页
298515,付款页
334010,付款页
470809,付款页
409758,付款页
307981,付款页
246011,付款页
480632,付款页
305474,付款页
222746,付款页
449840,付款页
222441,付款页
202335,付款页
275402,付款页
257775,付款页
419293,付款页
425990,付款页
352469,付款页
401630,付款页
496133,付款页
345914,付款页
233434,付款页
273197,付款页
499516,付款页
400941,付款页
280164,付款页
249858,付款页
324380,付款页
389627,付款页
203802,付款页
303246,付款页
424320,付款页
240408,付款页
248801,付款页
475651,付款页
262343,付款页
304070,付款页
301935,付款页
427348,付款页
265310,付款页
448011,付款页
410077,付款页
216276,付款页
336039,付款页
298404,付款页
259726,付款页
371639,付款页
388893,付款页
264974,付款页
245181,付款页
497880,付款页
462103,付款页
415535,付款页
380175,付款页
481215,付款页
349914,付款页
429832,付款页
396546,付款页
479037,付款页
401924,付款页
499021,付款页
317172,付款页
331618,付款页
370354,付款页
450478,付款页
276066,付款页
470952,付款页
351689,付款页
495595,付款页
264006,付款页
499564,付款页
396592,付款页
389810,付款页
468277,付款页
472479,付款页
239618,付款页
483593,付款页
366494,付款页
392514,付款页
