用户码,步骤5
407188,确认付款
365738,确认付款
379877,确认付款
205268,确认付款
294363,确认付款
392514,确认付款
495450,确认付款
462226,确认付款
427569,确认付款
435639,确认付款
320723,确认付款
370509,确认付款
367520,确认付款
201722,确认付款
308049,确认付款
333347,确认付款
280705,确认付款
341158,确认付款
331300,确认付款
486505,确认付款
402418,确认付款
459045,确认付款
400941,确认付款
401537,确认付款
268582,确认付款
299683,确认付款
303801,确认付款
443377,确认付款
258146,确认付款
318400,确认付款
316881,确认付款
380093,确认付款
262446,确认付款
487247,确认付款
385027,确认付款
255699,确认付款
435925,确认付款
338722,确认付款
250112,确认付款
281391,确认付款
373207,确认付款
473150,确认付款
271016,确认付款
298664,确认付款
415219,确认付款
441411,确认付款
330089,确认付款
493077,确认付款
397462,确认付款
263888,确认付款
404903,确认付款
331768,确认付款
309350,确认付款
345248,确认付款
482864,确认付款
317940,确认付款
201374,确认付款
403943,确认付款
397157,确认付款
404655,确认付款
461169,确认付款
445105,确认付款
257083,确认付款
287132,确认付款
340286,确认付款
407249,确认付款
448390,确认付款
396337,确认付款
373557,确认付款
247128,确认付款
308881,确认付款
316337,确认付款
377893,确认付款
353905,确认付款
421083,确认付款
464337,确认付款
446198,确认付款
348643,确认付款
452833,确认付款
491776,确认付款
380175,确认付款
226004,确认付款
216558,确认付款
362798,确认付款
204498,确认付款
254669,确认付款
260404,确认付款
248554,确认付款
207777,确认付款
274773,确认付款
339746,确认付款
395342,确认付款
248448,确认付款
255702,确认付款
314021,确认付款
302844,确认付款
204007,确认付款
255228,确认付款
435207,确认付款
208377,确认付款
462584,确认付款
499856,确认付款
229753,确认付款
283098,确认付款
419600,确认付款
274124,确认付款
331618,确认付款
392552,确认付款
334507,确认付款
295654,确认付款
337704,确认付款
276166,确认付款
398264,确认付款
200120,确认付款
452610,确认付款
498864,确认付款
255474,确认付款
366008,确认付款
370354,确认付款
371719,确认付款
319180,确认付款
342803,确认付款
433684,确认付款
222999,确认付款
317174,确认付款
271874,确认付款
433920,确认付款
360196,确认付款
259289,确认付款
452331,确认付款
214674,确认付款
423926,确认付款
391189,确认付款
312862,确认付款
344537,确认付款
434620,确认付款
285405,确认付款
365874,确认付款
464724,确认付款
446347,确认付款
409001,确认付款
400188,确认付款
288423,确认付款
467375,确认付款
460508,确认付款
211983,确认付款
436153,确认付款
340946,确认付款
234188,确认付款
397473,确认付款
371291,确认付款
263707,确认付款
